{
  "original": {
    "model_size_mb": 84.51112079620361,
    "input_shape": [
      "batch_size",
      80.0,
      "time_frames"
    ],
    "output_shape": [
      "batch_size",
      192.0
    ],
    "inference_times": [
      56.1676025390625,
      72.50642776489258,
      83.76097679138184,
      93.26982498168945,
      85.13236045837402,
      86.02547645568848
    ],
    "outputs": "<6 outputs>",
    "embedding_dimensions": 192.0,
    "avg_inference_ms": 79.47711149851482,
    "std_inference_ms": 12.078748632285825,
    "min_inference_ms": 56.1676025390625,
    "max_inference_ms": 93.26982498168945
  },
  "quantized": {
    "model_size_mb": 21.4689884185791,
    "input_shape": [
      "batch_size",
      80.0,
      "time_frames"
    ],
    "output_shape": [
      "batch_size",
      192.0
    ],
    "inference_times": [
      261.0433101654053,
      254.03523445129395,
      318.861722946167,
      321.9571113586426,
      317.48342514038086,
      316.373348236084
    ],
    "outputs": "<6 outputs>",
    "embedding_dimensions": 192.0,
    "avg_inference_ms": 298.2923587163289,
    "std_inference_ms": 28.9382190799276,
    "min_inference_ms": 254.03523445129395,
    "max_inference_ms": 321.9571113586426
  },
  "comparison": {
    "cosine_similarities": [
      0.9070457220077515,
      0.9106301665306091,
      0.9111310243606567,
      0.9068214297294617,
      0.9092258810997009,
      0.9134829640388489
    ],
    "mse_errors": [
      0.0007729606586508453,
      0.0008507110760547221,
      0.000755875080358237,
      0.0008388122660107911,
      0.0008590102079324424,
      0.0007995932828634977
    ],
    "max_errors": [
      0.07774368673563004,
      0.10073749721050262,
      0.0926409363746643,
      0.10598544776439667,
      0.09864375740289688,
      0.09848589450120926
    ],
    "avg_cosine_similarities": 0.9097228646278381,
    "std_cosine_similarities": 0.0023372657765584424,
    "min_cosine_similarities": 0.9068214297294617,
    "max_cosine_similarities": 0.9134829640388489,
    "avg_mse_errors": 0.0008128270953117559,
    "std_mse_errors": 3.926682984349163e-05,
    "min_mse_errors": 0.000755875080358237,
    "max_mse_errors": 0.0008590102079324424,
    "avg_max_errors": 0.09570620333154996,
    "std_max_errors": 0.008938498709729719,
    "min_max_errors": 0.07774368673563004,
    "max_max_errors": 0.10598544776439667
  }
}